,country_name,series_name,1971,1972,1973,1974,1975,1976,1977,1978,1979,1980,1981,1982,1983,1984,1985,1986,1987,1988,1989,1990,1991,1992,1993,1994,1995,1996,1997,1998,1999,2000,2001,2002,2003,2004,2005,2006,2007,2008,2009,2010,2011,2012,2013,2014,2015,2016,2017,2018,2019,2020,2021
6,Canada,"Literacy rate, youth total (% of people ages 15-24)",,,,,,,,,,,,,,,,,,,,,,,,,,,,,,,,,,,,,,,,,,,,,,,,,,,
19,Afghanistan,"Literacy rate, youth total (% of people ages 15-24)",,,,,,,,,30.0663509368896,,,,,,,,,,,,,,,,,,,,,,,,,,,,,,,,46.9900512695313,,,,64.3399963378906,,,,,,55.9294013977051
32,Albania,"Literacy rate, youth total (% of people ages 15-24)",,,,,,,,,,,,,,,,,,,,,,,,,,,,,,,99.4351501464844,,,,,,,98.8312072753906,95.6800003051758,,98.7911911010742,99.2313995361328,,,,,,99.3300018310547,,,99.4199981689453
45,Algeria,"Literacy rate, youth total (% of people ages 15-24)",,,,,,,,,,,,,,,,,74.3272705078125,,,,,,,,,,,,,,,90.13720703125,,,,91.7796401977539,,93.7673263549805,,,,,,,,,,97.4265213012695,74.0299987792969,,
58,American Samoa,"Literacy rate, youth total (% of people ages 15-24)",,,,,,,,,,97.6542129516602,,,,,,,,,,,,,,,,,,,,,,,,,,,,,,,,,,,,,,,,,
71,Andorra,"Literacy rate, youth total (% of people ages 15-24)",,,,,,,,,,,,,,,,,,,,,,,,,,,,,,,,,,,,,,,,,,,,,,,,,,,
84,Angola,"Literacy rate, youth total (% of people ages 15-24)",,,,,,,,,,,,,,,,,,,,,,,,,,,,,,,72.1944885253906,,,,,,,,,,,,,77.4311294555664,,,,,,,82.8300018310547
97,Antigua and Barbuda,"Literacy rate, youth total (% of people ages 15-24)",,,,,,,,,,,,,,,,,,,,,,,,,,,,,,,,,,,,,,,,,,,,,,,,,,,
110,Argentina,"Literacy rate, youth total (% of people ages 15-24)",,,,,,,,,,96.8825378417969,,,,,,,,,,,98.3046417236328,,,,,,,,,,98.9166564941406,,,,,99.4460830688477,,,99.5842895507813,99.2986373901367,99.6282424926758,99.3758697509766,99.5513229370117,99.2967071533203,99.559700012207,99.5027084350586,,99.5055236816406,,,
123,Armenia,"Literacy rate, youth total (% of people ages 15-24)",,,,,,,,,,,,,,,,,,,99.9099578857422,,,,,,,,,,,100.0,99.8072814941406,,,,100.0,,,,,100.0,99.8473968505859,,,,,99.8473968505859,99.8470230102539,,,99.8738174438477,
136,Aruba,"Literacy rate, youth total (% of people ages 15-24)",,,,,,,,,,,,,,,,,,,,,,,,,,,,,,99.0264129638672,,,,,,,,,,99.1384124755859,,,,,,,,99.5,,99.5199966430664,
149,Australia,"Literacy rate, youth total (% of people ages 15-24)",,,,,,,,,,,,,,,,,,,,,,,,,,,,,,,,,,,,,,,,,,,,,,,,,,,
162,Austria,"Literacy rate, youth total (% of people ages 15-24)",,,,,,,,,,,,,,,,,,,,,,,,,,,,,,,,,,,,,,,,,,,,,,,,,,,
175,Azerbaijan,"Literacy rate, youth total (% of people ages 15-24)",,,,,,,,,,,,,,,,,,,,,,,,,,,,,99.886100769043,,,,,,,100.0,99.9891510009766,,99.951301574707,99.9505996704102,99.9440994262695,99.9367523193359,99.9524688720703,99.9569931030273,99.9427795410156,99.9404830932617,99.9380493164063,,99.9339294433594,,
188,"Bahamas, The","Literacy rate, youth total (% of people ages 15-24)",,,,,,,,,,,,,,,,,,,,,,,,,,,,,,,,,,,,,,,,,,,,,,,,,,,
201,Bahrain,"Literacy rate, youth total (% of people ages 15-24)",,,,,,,,,,,86.2930908203125,,,,,,,,,,96.9381103515625,,,,,,,,,,97.0247116088867,,,,,,,,,95.4544677734375,100.0,,,,,,,,,,
214,Bangladesh,"Literacy rate, youth total (% of people ages 15-24)",,,,,,,,,,,35.6532516479492,,,,,,,,,,44.6808280944824,,,,,,,,,100.0,63.622730255127,,,,,,61.8728103637695,,,,77.984992980957,77.8329086303711,85.5271530151367,85.5547332763672,87.8887710571289,92.2426528930664,92.9507598876953,93.2964401245117,94.8624267578125,94.4617767333984,
227,Barbados,"Literacy rate, youth total (% of people ages 15-24)",,,,,,,,,,99.9000015258789,,,,99.9000015258789,,,,,,,,,,99.9000015258789,,,,,,,,,,99.9000015258789,,,,,,,,100.0,,99.9000015258789,,,,,,,
240,Belarus,"Literacy rate, youth total (% of people ages 15-24)",,,,,,,,,,,,,,,,,,,99.7662811279297,,,,,,,,,,99.7918395996094,,,,,,,,,,99.8232116699219,,,100.0,,,,,,,99.8728332519531,,
253,Belgium,"Literacy rate, youth total (% of people ages 15-24)",,,,,,,,,,,,,,,,,,,,,,,,,,,,,,,,,,,,,,,,,,,,,,,,,,,
266,Belize,"Literacy rate, youth total (% of people ages 15-24)",,,,,,,,,,,,,,,,,,,,,77.641471862793,,,,,,,,,84.2230529785156,87.1999969482422,,,,,,,,,,,,,,,,,,,,
279,Benin,"Literacy rate, youth total (% of people ages 15-24)",,,,,,,,,29.7867393493652,,,,,,,,,,,,,39.8766098022461,,,,,,,,,47.9599990844727,45.3096199035645,,,,42.3627014160156,,,,,,52.4924697875977,,,,,,60.9480781555176,,,65.0400009155273
292,Bermuda,"Literacy rate, youth total (% of people ages 15-24)",,,,,,,,,,,,,,,,,,,,,,,,,,,,,,,,,,,,,,,,,,,,,,,,,,,
305,Bhutan,"Literacy rate, youth total (% of people ages 15-24)",,,,,,,,,,,,,,,,,,,,,,,,,,,,,,,,,,,74.4052124023438,,,,,,,86.0590133666992,,,,,93.0906295776367,,,,97.3000030517578
318,Bolivia,"Literacy rate, youth total (% of people ages 15-24)",,,,,,83.5519790649414,,,,,,,,,,,,,,,,93.896110534668,,,,,,,,,97.3237762451172,,98.3000030517578,,,,99.4413604736328,99.1224975585938,99.3839721679688,,99.0075225830078,98.9958801269531,,,99.399169921875,,,,,99.5565872192383,
331,Bosnia and Herzegovina,"Literacy rate, youth total (% of people ages 15-24)",,,,,,,,,,,,,,,,,,,,,99.0199584960938,,,,,,,,,99.7939300537109,,,,,,,,,,,99.4623107910156,,99.6624298095703,,,,,,,,99.7200012207031
344,Botswana,"Literacy rate, youth total (% of people ages 15-24)",,,,,,,,,,,,,,,,,,,,,89.25830078125,,,,,,,,,,,,93.9574432373047,,,,,,,,,,97.4562911987305,,,,,,,,
357,Brazil,"Literacy rate, youth total (% of people ages 15-24)",,,,,,,,,,83.9142684936523,,,,,,,,,,,,,,,,,,,,94.1841125488281,,,,96.8438568115234,,97.5822982788086,97.8006286621094,97.8436279296875,98.0655364990234,97.5141220092773,98.4869232177734,98.6196594238281,98.7366790771484,98.8456878662109,98.963752746582,99.1109619140625,99.1554107666016,99.2041702270508,,,99.4000015258789
370,British Virgin Islands,"Literacy rate, youth total (% of people ages 15-24)",,,,,,,,,,,,,,,,,,,,,,,,,,,,,,,,,,,,,,,,,,,,,,,,,,,
383,Brunei Darussalam,"Literacy rate, youth total (% of people ages 15-24)",,,,,,,,,,,93.6810073852539,,,,,,,,,,98.0956726074219,,,,,,,,,,98.8937911987305,,,,,,,,,,99.3667678833008,,,,,,,99.7089385986328,,,99.7699966430664
396,Bulgaria,"Literacy rate, youth total (% of people ages 15-24)",,,,,,,,,,,,,,,,,,,,,,,,,,,,,,,98.2124786376953,,,,,,,,,,97.8650512695313,,,,,,,,,,98.0599975585938
409,Burkina Faso,"Literacy rate, youth total (% of people ages 15-24)",,,,,14.3775196075439,,,,,,,,,,,,,,,,20.180290222168,,,,,19.4141502380371,,,,,,,31.2292594909668,,32.9666213989258,32.730598449707,39.2577781677246,,,37.189998626709,,,,50.0962982177734,,,,58.8739814758301,,,65.4800033569336
422,Burundi,"Literacy rate, youth total (% of people ages 15-24)",,,,,,,,,30.9765892028809,,,,,,,,,,,53.5552101135254,,,,,,,,,,73.3300628662109,,,,,,,,61.7387886047363,,74.4599990844727,,,,79.5596084594727,,,88.2217712402344,,,,92.5800018310547
435,Cabo Verde,"Literacy rate, youth total (% of people ages 15-24)",,,,,,,,,,,,,,,,,,,,88.1679000854492,,,,,,,,,,95.870002746582,,,,,,,,,,,,98.1289672851563,,,98.1113128662109,,,,,,98.6800003051758
448,Cambodia,"Literacy rate, youth total (% of people ages 15-24)",,,,,,,,,,,,,,,,,,,,,,,,,,,,76.3182067871094,,,,,,83.3828582763672,77.9599990844727,,,87.4713821411133,87.1239318847656,79.4400024414063,,,,90.1418685913086,92.2123565673828,,,,,,95.6399993896484
461,Cameroon,"Literacy rate, youth total (% of people ages 15-24)",,,,,,68.8170318603516,,,,,,,,,,,,,,,,,,,,,,,,83.0982894897461,,,,75.1100006103516,,,83.1355667114258,,,80.5744400024414,80.6600036621094,,,,,,,85.0800018310547,,86.2399978637695,
474,Cayman Islands,"Literacy rate, youth total (% of people ages 15-24)",,,,,,,,,,,,,,,,,,,,,,,,,,,,,,,,,,,,,98.9068222045898,,,,,,,,,,98.9068222045898,,,,98.9068222045898
487,Central African Republic,"Literacy rate, youth total (% of people ages 15-24)",,,,,37.0369606018066,,,,,,,,,,,,,48.2023315429688,,,,,,,,,,,,60.8070487976074,,,,,,,,,,36.3562698364258,,,,,,,,38.2686500549316,,38.3400001525879,
500,Chad,"Literacy rate, youth total (% of people ages 15-24)",,,,,,,,,,,,,,,,,,,,,,,17.3473796844482,,,,,,,37.5573501586914,,,,41.6731185913086,,,,,,,,,,,38.7724189758301,30.7916107177734,,,31.75,,35.1699981689453
513,Channel Islands,"Literacy rate, youth total (% of people ages 15-24)",,,,,,,,,,,,,,,,,,,,,,,,,,,,,,,,,,,,,,,,,,,,,,,,,,,
526,Chile,"Literacy rate, youth total (% of people ages 15-24)",,,,,,,,,,,,96.6539764404297,,,,,,,,,,98.4279708862305,,,,,,,,,,98.9909820556641,,,,,,99.1535797119141,98.8723831176758,,99.4081878662109,,99.0482788085938,,99.3539428710938,,99.008659362793,,,,99.0999984741211
539,China,"Literacy rate, youth total (% of people ages 15-24)",,,,,,,,,,,,88.7733383178711,,,,,,,,94.2814712524414,,,,,,,,,,98.8587265014648,,,,,,,,,,99.6422882080078,,,,,,,,99.7835998535156,,99.8099975585938,
552,Colombia,"Literacy rate, youth total (% of people ages 15-24)",,,,,,,,,,,,,,,,,,,,,,,95.4846496582031,,,96.995002746582,,,,,,,,97.9913101196289,97.9583969116211,97.883171081543,97.9686279296875,97.9892730712891,97.9374313354492,98.0984191894531,98.2393798828125,,,98.5409469604492,98.5347290039063,98.6683120727539,,98.8516464233398,98.8267593383789,99.0118179321289,
565,Comoros,"Literacy rate, youth total (% of people ages 15-24)",,,,,,,,,,61.713020324707,,,,,,,,,,,,,,,,,,,,80.1857604980469,,,,,,,,,,,,71.5812683105469,,,,,,78.270393371582,,,81.2099990844727
578,"Congo, Dem. Rep.","Literacy rate, youth total (% of people ages 15-24)",,,,,,,,,,,,,,,,,,,,,,,,,,,,,,,70.416259765625,,,,,,65.7765274047852,,,,,83.5975494384766,85.9800033569336,,,84.9895095825195,,,,,87.9000015258789
591,"Congo, Rep.","Literacy rate, youth total (% of people ages 15-24)",,,,,,,,,,,,,,87.4961700439453,,,,,,,,,,,,,,,,,,,,,78.5683517456055,,,,,,80.913948059082,,,,,,,82.0547866821289,,,82.3600006103516
604,Costa Rica,"Literacy rate, youth total (% of people ages 15-24)",,,,,,,,,,,,,,97.148193359375,,,,,,,,,,,,,,,,97.6147003173828,,,,,,,,,,,99.1336975097656,,,,,,,99.4300003051758,,,99.5299987792969
617,Cote d'Ivoire,"Literacy rate, youth total (% of people ages 15-24)",,,,,,,,,,,,,,,,,,48.5084800720215,,,,,,,,,,47.058708190918,,60.7236518859863,,,,,,,,,,,,48.3099594116211,,53.0206909179688,,,,,83.6264724731445,,
630,Croatia,"Literacy rate, youth total (% of people ages 15-24)",,,,,,,,,,,,,,,,,,,,,99.6358871459961,,,,,,,,,,99.6486434936523,,,,,,,,,,99.7236328125,,,,,,,,,,99.7600021362305
643,Cuba,"Literacy rate, youth total (% of people ages 15-24)",,,,,,,,,,,99.5685729980469,,,,,,,,,,,,,,,,,,,,,99.9555969238281,,,,,,,,,,99.8746490478516,,,,,,,96.5,,99.8746490478516
656,Curacao,"Literacy rate, youth total (% of people ages 15-24)",,,,,,,,,,,,,,,,,,,,,,,,,,,,,,,,,,,,,,,,,,,,,,,,,,,
669,Cyprus,"Literacy rate, youth total (% of people ages 15-24)",,,,,,,,,,,,,,,,,,,,,,99.6213912963867,,,,,,,,,99.7749328613281,,,,,,,,,,99.8209915161133,,,,,,,,,,99.9000015258789
682,Czechia,"Literacy rate, youth total (% of people ages 15-24)",,,,,,,,,,,,,,,,,,,,,,,,,,,,,,,,,,,,,,,,,,,,,,,,,,,
695,Denmark,"Literacy rate, youth total (% of people ages 15-24)",,,,,,,,,,,,,,,,,,,,,,,,,,,,,,,,,,,,,,,,,,,,,,,,,,,
708,Djibouti,"Literacy rate, youth total (% of people ages 15-24)",,,,,,,,,,,,,,,,,,,,,,,,,,,,,,,,,,,,,,,,,,,,,,,,,,,
721,Dominica,"Literacy rate, youth total (% of people ages 15-24)",,,,,,,,,,,,,,,,,,,,,,,,,,,,,,,,,,,,,,,,,,,,,,,,,,,
734,Dominican Republic,"Literacy rate, youth total (% of people ages 15-24)",,,,,,,,,,,82.6241989135742,,,,,,,,,,,,,,,,,,,,,94.2175674438477,,,,,95.7868576049805,,,96.8057479858398,97.0420532226563,97.0238876342773,97.4724273681641,97.6885299682617,97.6140594482422,98.8394088745117,,,,,98.9400024414063
747,Ecuador,"Literacy rate, youth total (% of people ages 15-24)",,,,,,,,,,,,93.4014587402344,,,,,,,,96.194709777832,,,,,,,,,,,96.4372100830078,,,,,,98.3914184570313,98.4537506103516,98.800651550293,98.6527099609375,98.6948394775391,98.8316268920898,98.6046371459961,99.097770690918,99.1261978149414,99.0571136474609,99.2550506591797,,,98.7670364379883,99.0050506591797
760,"Egypt, Arab Rep.","Literacy rate, youth total (% of people ages 15-24)",,,,,,51.0311584472656,,,,,,,,,,63.3276214599609,,,,,,,,,,73.2186889648438,,,,,,,,,84.8534164428711,84.8782730102539,,,,87.5096435546875,,89.2819213867188,92.0234222412109,94.0800018310547,5.19000005722046,,88.1925582885742,,,,91.5100021362305
773,El Salvador,"Literacy rate, youth total (% of people ages 15-24)",,,,,,,,,,,,,,,,,,,,,,84.9466400146484,,,,,,,,,,,,,,94.9509887695313,93.56494140625,95.9574737548828,95.0220565795898,96.0344619750977,96.5450897216797,,97.2241897583008,,97.949333190918,98.0085906982422,97.9804534912109,97.9737167358398,98.3463897705078,98.5201568603516,
786,Equatorial Guinea,"Literacy rate, youth total (% of people ages 15-24)",,,,,,,,,,,,,,,,,,,,,,,,,,,,,,97.1313705444336,,,,,,,,,,97.967041015625,,,,,,,,,,,
799,Eritrea,"Literacy rate, youth total (% of people ages 15-24)",,,,,,,,,,,,,,,,,,,,,,,,,,,,,,,,77.9452896118164,,,,,,86.9749069213867,,,,,,,,,,93.2723922729492,,,
812,Estonia,"Literacy rate, youth total (% of people ages 15-24)",,,,,,,,,,,,,,,,,,,99.8678894042969,,,,,,,,,,,99.7705001831055,,,,,,,,,,,99.9488983154297,,,,,,,,,,99.9899978637695
825,Eswatini,"Literacy rate, youth total (% of people ages 15-24)",,,,,,75.4524383544922,,,,,,,,,,83.7482376098633,,,,,,,,,,,,,,91.8632431030273,,,,,,91.4100036621094,,,,93.5022964477539,,,,,,,,95.469367980957,,95.8899993896484,
838,Ethiopia,"Literacy rate, youth total (% of people ages 15-24)",,,,,,,,,,,,,,,,,,,,,,,,33.5853996276855,,,,,,38.6100006103516,,,,49.9000015258789,44.6059684753418,,54.9829788208008,,,,54.8300018310547,,,,,61.2900009155273,72.7548217773438,,,,
851,Faroe Islands,"Literacy rate, youth total (% of people ages 15-24)",,,,,,,,,,,,,,,,,,,,,,,,,,,,,,,,,,,,,,,,,,,,,,,,,,,
864,Fiji,"Literacy rate, youth total (% of people ages 15-24)",,,,,,,,,,,,,,,,,,,,,,,,,,,,,,,,,,,,,,,,,,,,,,,,,,,
877,Finland,"Literacy rate, youth total (% of people ages 15-24)",,,,,,,,,,,,,,,,,,,,,,,,,,,,,,,,,,,,,,,,,,,,,,,,,,,
890,France,"Literacy rate, youth total (% of people ages 15-24)",,,,,,,,,,,,,,,,,,,,,,,,,,,,,,,,,,,,,,,,,,,,,,,,,,,
903,French Polynesia,"Literacy rate, youth total (% of people ages 15-24)",,,,,,,,,,,,,,,,,,,,,,,,,,,,,,,,,,,,,,,,,,,,,,,,,,,
916,Gabon,"Literacy rate, youth total (% of people ages 15-24)",,,,,,,,,,,,,,,,,,,,,,,93.2087173461914,,,,,,,,,,,,,,,,,,,88.5041427612305,,,,,,89.7836608886719,,,90.4400024414063
929,"Gambia, The","Literacy rate, youth total (% of people ages 15-24)",,,,,,,,,,,,,,,,,,,,,,,,,,,,,,52.5550193786621,,,,,,,,,,,,,60.7779006958008,,67.161376953125,,,,,,73.4199981689453
942,Georgia,"Literacy rate, youth total (% of people ages 15-24)",,,,,,,,,,,,,,,,,,,,,,,,,,,,,,,,99.8254165649414,,,,,,,,,,,,99.7026062011719,,,99.6408081054688,,99.7042083740234,,
955,Germany,"Literacy rate, youth total (% of people ages 15-24)",,,,,,,,,,,,,,,,,,,,,,,,,,,,,,,,,,,,,,,,,,,,,,,,,,,
968,Ghana,"Literacy rate, youth total (% of people ages 15-24)",,,,,,,,,,,,,,,,,,,,,,,,,,,,,,70.6630630493164,,,79.7099990844727,,,,,82.2300033569336,,85.7161483764648,,,,87.5999984741211,,,,92.490966796875,,93.4800033569336,
981,Gibraltar,"Literacy rate, youth total (% of people ages 15-24)",,,,,,,,,,,,,,,,,,,,,,,,,,,,,,,,,,,,,,,,,,,,,,,,,,,
994,Greece,"Literacy rate, youth total (% of people ages 15-24)",,,,,,,,,,,98.9670486450195,,,,,,,,,,98.9839935302734,,,,,,,,,,98.9405288696289,,,,99.529182434082,,99.5619201660156,,99.4910888671875,,98.8148574829102,,,,,,,99.1600036621094,,,
1007,Greenland,"Literacy rate, youth total (% of people ages 15-24)",,,,,,,,,,,,,,,,,,,,,,,,,,,,,,,,,,,,,,,,,,,,,,,,,,,
1020,Grenada,"Literacy rate, youth total (% of people ages 15-24)",,,,,,,,,,99.1999969482422,,,,99.1999969482422,,,,,,,,,,99.1999969482422,,,,,,,,,,99.1999969482422,,,,,,,,,,99.1999969482422,,,,,,,
1033,Guam,"Literacy rate, youth total (% of people ages 15-24)",,,,,,,,,,95.6110610961914,,,,,,,,,,99.879997253418,,,,,,,,,,99.9499969482422,,,,,,,,,,,,,,,,,,,,,
1046,Guatemala,"Literacy rate, youth total (% of people ages 15-24)",,,,,,,,,,,,,,,,,,,,,,,,75.9882125854492,,,,,,,,82.2202606201172,,,,,,,,,,93.6534729003906,91.851921081543,94.354248046875,92.0400009155273,,,94.6041488647461,,,95.8099975585938
1059,Guinea,"Literacy rate, youth total (% of people ages 15-24)",,,,,,,,,,,,,,,,,,,,,,,,,,27.7163906097412,,,,,,,47.0912590026855,,45.9300003051758,,,,,31.4064197540283,,56.4000015258789,,46.295051574707,,,,53.9405212402344,,,60.3300018310547
1072,Guinea-Bissau,"Literacy rate, youth total (% of people ages 15-24)",,,,,,,,,36.4014205932617,,,,,,,,,,,,,,,,,,,,,59.4928512573242,,,,,,,,,,,,,,60.4023513793945,,,,,,,67.879997253418
1085,Guyana,"Literacy rate, youth total (% of people ages 15-24)",,,,,,,,,,,,,,,,,,,,,,,,,,,,,,,,,,,,,,,93.0989379882813,,,,,96.6896667480469,,,,,97.9599990844727,,97.7600021362305
1098,Haiti,"Literacy rate, youth total (% of people ages 15-24)",,,,,,,,,,,,51.153018951416,,,,,,,,,,,,,,,,,,,,,81.6163330078125,,,72.3467178344727,,,,,,85.4400024414063,,,,82.9942474365234,,,,,
1111,Honduras,"Literacy rate, youth total (% of people ages 15-24)",,,,,,,,,,,,,,,,,,,,,,,,,,,,,,,88.9427185058594,,,,,,93.9243087768555,,,95.1506881713867,95.9250030517578,94.9809494018555,95.0664901733398,95.6770706176758,96.0075073242188,96.1265411376953,,96.5158386230469,96.0838928222656,,
1124,"Hong Kong SAR, China","Literacy rate, youth total (% of people ages 15-24)",,,,,,,,,,,,,,,,,,,,,,,,,,,,,,,,,,,,,,,,,,,,,,,,,,,
1137,Hungary,"Literacy rate, youth total (% of people ages 15-24)",,,,,,,,,,99.3711471557617,,,,,,,,,,99.1999969482422,,,,,,,,,,,,,,,,,,,,,,,,98.8000030517578,,,,,,,98.6999969482422
1150,Iceland,"Literacy rate, youth total (% of people ages 15-24)",,,,,,,,,,,,,,,,,,,,,,,,,,,,,,,,,,,,,,,,,,,,,,,,,,,
1163,India,"Literacy rate, youth total (% of people ages 15-24)",,,,,,,,,,,53.7845687866211,,,,,,,,,,61.9002799987793,,,,,,,,,,76.4256973266602,,,,,81.130859375,,,,,86.1448822021484,,,,,,,91.6640396118164,,,
1176,Indonesia,"Literacy rate, youth total (% of people ages 15-24)",,,,,,,,,,85.4370880126953,,,,,,,,,,96.2075576782227,,,,,,,,,,,,,,98.7054595947266,,96.6510391235352,,99.4601135253906,99.4737396240234,,98.7779998779297,,,99.6802215576172,99.6700668334961,99.6688079833984,,99.7070770263672,,99.7795104980469,
1189,"Iran, Islamic Rep.","Literacy rate, youth total (% of people ages 15-24)",,,,,,56.4538612365723,,,,,,,,,,75.2049026489258,,,,,86.9742584228516,,,,,93.0282974243164,,,,,,,,,97.4315338134766,96.6437072753906,,97.8714294433594,,,,98.0143966674805,97.7772979736328,97.9378662109375,,98.1013488769531,,,,,98.7200012207031
1202,Iraq,"Literacy rate, youth total (% of people ages 15-24)",,,,,,,,,,,,,,,,,,,,,,,,,,,,,,84.7967987060547,,,,,,,,,,,,83.5,80.8000030517578,88.8000030517578,,90.9000015258789,93.5,,,,
1215,Ireland,"Literacy rate, youth total (% of people ages 15-24)",,,,,,,,,,,,,,,,,,,,,,,,,,,,,,,,,,,,,,,,,,,,,,,,,,,
1228,Isle of Man,"Literacy rate, youth total (% of people ages 15-24)",,,,,,,,,,,,,,,,,,,,,,,,,,,,,,,,,,,,,,,,,,,,,,,,,,,
1241,Israel,"Literacy rate, youth total (% of people ages 15-24)",,,,,,,,,,,,,98.562858581543,,,,,,,,,,,,,,,,,,,,,,,,,,,,,,,,,,,,,,
1254,Italy,"Literacy rate, youth total (% of people ages 15-24)",,,,,,,,,,,99.6433792114258,,,,,,,,,,,,,,,,,,,,99.8121337890625,,,,,,,,,,99.8596420288086,,,,,,,99.9300003051758,99.8742218017578,,
1267,Jamaica,"Literacy rate, youth total (% of people ages 15-24)",,,,,,,,,,,,,,,,,,,,,,,,,,,,,91.6034088134766,,,,,,,,,,,,,,,96.3000030517578,,,,,,,
1280,Japan,"Literacy rate, youth total (% of people ages 15-24)",,,,,,,,,,,,,,,,,,,,,,,,,,,,,,,,,,,,,,,,,,,,,,,,,,,
1293,Jordan,"Literacy rate, youth total (% of people ages 15-24)",,,,,,,,,90.5084915161133,,,,,,,,,,,,,,,,,,,,,,,,99.1325912475586,,98.9753875732422,,98.9493408203125,,,98.7623519897461,99.148681640625,99.1057205200195,1.4099999666214,,,,,99.3437423706055,,,99.4199981689453
1306,Kazakhstan,"Literacy rate, youth total (% of people ages 15-24)",,,,,,,,,,,,,,,,,,,99.7257232666016,,,,,,,,,,99.8451309204102,,,,,,,,,,99.8345108032227,99.8973617553711,,,,,,,,99.8973617553711,,99.9000015258789,
1319,Kenya,"Literacy rate, youth total (% of people ages 15-24)",,,,,,,,,,,,,,,,,,,,,,,,,,,,,,92.5281829833984,,,,,,,82.3904724121094,,,,,,,86.5256271362305,,,,87.8300018310547,,,88.6999969482422
1332,Kiribati,"Literacy rate, youth total (% of people ages 15-24)",,,,,,,,,,,,,,,,,,,,,,,,,,,,,,,,,,,,,,,,,,,,,,,,,,,
1345,"Korea, Dem. People's Rep.","Literacy rate, youth total (% of people ages 15-24)",,,,,,,,,,,,,,,,,,,,,,,,,,,,,,,,,,,,,,99.999641418457,,,,,,,,,,99.999641418457,,,
1358,"Korea, Rep.","Literacy rate, youth total (% of people ages 15-24)",,,,,,,,,,,,,,,,,,,,,,,,,,,,,,,,,,,,,,99.9541702270508,,,,,,,,,,100.0,,,
1371,Kosovo,"Literacy rate, youth total (% of people ages 15-24)",,,,,,,,,,,,,,,,,,,,,,,,,,,,,,,,,,,,,,,,,,,,,,,,,,,
1384,Kuwait,"Literacy rate, youth total (% of people ages 15-24)",,,,,72.2221603393555,,,,,78.9754409790039,,,,,87.4560623168945,,,,,,,,,,92.0430603027344,,,,,,,,,,99.7333602905273,98.5121688842773,98.4472274780273,98.6433486938477,,98.8991088867188,,98.7822570800781,99.1537475585938,,99.2590866088867,,99.2435836791992,99.0801315307617,,99.3033218383789,
1397,Kyrgyz Republic,"Literacy rate, youth total (% of people ages 15-24)",,,,,,,,,,,,,,,,,,,,,,,,,,,,,99.6956329345703,,,,,,,,,,99.7518463134766,,,,,,,,,99.75,99.6999969482422,,
1410,Lao PDR,"Literacy rate, youth total (% of people ages 15-24)",,,,,,,,,,,,,,,,,,,,,,,,,71.1336288452148,,,,,80.5985565185547,78.4579925537109,,,,83.9310607910156,,,,,,72.0562286376953,,,,92.4626388549805,,,,,,94.2600021362305
1423,Latvia,"Literacy rate, youth total (% of people ages 15-24)",,,,,,,,,,,,,,,,,,,99.7844085693359,,,,,,,,,,,99.7502593994141,,,,,,,,,,,99.8354263305664,,,,,,,99.8199996948242,,,99.8199996948242
1436,Lebanon,"Literacy rate, youth total (% of people ages 15-24)",,,,,,,,,,,,,,,,,,,,,,,,,,,,,,,,,,,,,98.7147903442383,,99.2433471679688,,,,,,,,,99.751823425293,99.7900009155273,,
1449,Lesotho,"Literacy rate, youth total (% of people ages 15-24)",,,,,,,,,,,,,,,,,,,,,,,,,,,,,,90.9269027709961,,,,86.3000030517578,,,,,83.1944122314453,,,,,86.6322021484375,,,,,,,89.3399963378906
1462,Liberia,"Literacy rate, youth total (% of people ages 15-24)",,,,,,,,,,,,,,47.6337890625,,,,,,,,,,,,,,,,,,,,,,,49.0741081237793,,,,,,75.0599975585938,,,,55.3987007141113,,,,
1475,Libya,"Literacy rate, youth total (% of people ages 15-24)",,,,,,,,,,,,,,89.3378982543945,,,,,,,,,,97.9000015258789,,,,,,,,,,99.5999984741211,,,,,,,,,,,,,,,,,
1488,Liechtenstein,"Literacy rate, youth total (% of people ages 15-24)",,,,,,,,,,,,,,,,,,,,,,,,,,,,,,,,,,,,,,,,,,,,,,,,,,,
1501,Lithuania,"Literacy rate, youth total (% of people ages 15-24)",,,,,,,,,,,,,,,,,,,99.6737594604492,,,,,,,,,,,,99.7016677856445,,,,,,,,,,99.8557968139648,,,,,,,,,,99.9499969482422
1514,Luxembourg,"Literacy rate, youth total (% of people ages 15-24)",,,,,,,,,,,,,,,,,,,,,,,,,,,,,,,,,,,,,,,,,,,,,,,,,,,
1527,"Macao SAR, China","Literacy rate, youth total (% of people ages 15-24)",,,,,,,,,,,94.7031173706055,,,,,,,,,,,,,,,,,,,,99.6335372924805,,,,,99.6442413330078,,,,,99.6728973388672,,,,,99.7987365722656,,,,,99.7900009155273
1540,Madagascar,"Literacy rate, youth total (% of people ages 15-24)",,,,,,,,,,,,,,,,,,,,,,,,,,,,,,70.2362213134766,,,,,57.6305885314941,,,,64.9402465820313,,,76.8291625976563,,,,,,79.8511734008789,,,80.5100021362305
1553,Malawi,"Literacy rate, youth total (% of people ages 15-24)",,,,,,,,,,,,,,,,,59.0176887512207,,,,,,,,,,,76.0074996948242,,,,,,,,,,,,72.1395568847656,,,,76.0819091796875,72.9356079101563,,,,,,76.2399978637695
1566,Malaysia,"Literacy rate, youth total (% of people ages 15-24)",,,,,,,,,,87.9686431884766,,,,,,,,,,,95.5638809204102,,,,,,,,,97.2378005981445,,,,,,,,,,98.4187088012695,,,,,,97.6144714355469,97.2725601196289,96.8503265380859,96.7783966064453,,
1579,Maldives,"Literacy rate, youth total (% of people ages 15-24)",,,,,,,85.6089782714844,,,,,,,,95.5361862182617,,,,,98.1996231079102,,,,,98.1701202392578,,,,,98.1701202392578,,,,,,99.3010101318359,,,,,,,,99.2683792114258,,98.7536468505859,,,,,99.4300003051758
1592,Mali,"Literacy rate, youth total (% of people ages 15-24)",,,,,,19.6462306976318,,,,,,,,,,,,,,,,,,,,,,24.1866703033447,,,,,,,,38.8161201477051,,,,44.3017082214355,42.0952796936035,,,,49.3665313720703,,,50.1347007751465,,46.157341003418,
1605,Malta,"Literacy rate, youth total (% of people ages 15-24)",,,,,,,,,,,,,,,97.8669586181641,,,,,,,,,,96.0322723388672,,,,,,,,,,98.2650299072266,,,,,,98.8819427490234,,,,,,,99.3007125854492,,,99.4499969482422
1618,Marshall Islands,"Literacy rate, youth total (% of people ages 15-24)",,,,,,,,,,,,,,,,,,,,,,,,,,,,,,,,,,,,,,,,,98.4587783813477,,,,,,,,,,
1631,Mauritania,"Literacy rate, youth total (% of people ages 15-24)",,,,,,,,,,,,,,,,,,,,,,,,,,,,,,61.3366508483887,,,,,,,56.122428894043,,,,,,71.0320816040039,,,,63.947811126709,,,,76.4899978637695
1644,Mauritius,"Literacy rate, youth total (% of people ages 15-24)",,,,,,,,,,,,,,,,,,,,91.1919937133789,,,,,,,,,,94.5389633178711,,,,,,,,,,,98.1303482055664,,,,,,,,,,99.3000030517578
1657,Mexico,"Literacy rate, youth total (% of people ages 15-24)",,,,,,,,,,91.9471969604492,,,,,,,,,,95.4182434082031,,,,,,,,,,96.6122817993164,,97.6045837402344,,97.5644378662109,97.6358413696289,97.8956604003906,98.1560897827148,98.3823013305664,98.524658203125,98.4345169067383,98.4617691040039,98.8754196166992,98.5644989013672,99.0000381469727,98.944709777832,99.1162033081055,99.1246871948242,99.3184509277344,,99.0824127197266,
1670,"Micronesia, Fed. Sts.","Literacy rate, youth total (% of people ages 15-24)",,,,,,,,,,,,,,,,,,,,,,,,,,,,,,,,,,,,,,,,,,,,,,,,,,,
1683,Moldova,"Literacy rate, youth total (% of people ages 15-24)",,,,,,,,,,,,,,,,,,,99.7293472290039,,,,,,,,,,,99.5250778198242,,,,,99.9100036621094,,,,,,,99.9100036621094,,99.8110122680664,,,,,,,99.6999969482422
1696,Monaco,"Literacy rate, youth total (% of people ages 15-24)",,,,,,,,,,,,,,,,,,,,,,,,,,,,,,,,,,,,,,,,,,,,,,,,,,,
1709,Mongolia,"Literacy rate, youth total (% of people ages 15-24)",,,,,,,,,,,,,,,,,,,,,,,,,,,,,,97.7101211547852,,,,,,,,,,98.4602508544922,,,,,,,,,,99.0743408203125,
1722,Montenegro,"Literacy rate, youth total (% of people ages 15-24)",,,,,,,,,,,98.7301406860352,,,,,,,,,,99.1458587646484,,,,,,,,,,,,99.410270690918,,,,,,,,99.2118225097656,,,,,,,99.1100006103516,,,99.0500030517578
1735,Morocco,"Literacy rate, youth total (% of people ages 15-24)",,,,,,,,,,,,44.137939453125,,,,,,,,,,,,58.4348907470703,,,,,,,,,,70.4575881958008,,,,77.8629608154297,79.4736862182617,,81.5100708007813,91.2209625244141,,,,,,97.7300033569336,,,98.3600006103516
1748,Mozambique,"Literacy rate, youth total (% of people ages 15-24)",,,,,,,,,,43.644359588623,,,,,,,,,,,,,,,,,46.9700012207031,,,,,,61.8928909301758,,,,,,67.1496429443359,,,,,,70.5251007080078,,70.9124526977539,,,,72.4800033569336
1761,Myanmar,"Literacy rate, youth total (% of people ages 15-24)",,,,,,,,,,,,,84.8970718383789,,,,,,,,,,,,,,,,,94.586311340332,,,,,,,,,,,,,,,,84.7511596679688,,,95.4151229858398,,
1774,Namibia,"Literacy rate, youth total (% of people ages 15-24)",,,,,,,,,,,,,,,,,,,,,88.1124267578125,,,,,,,,,89.4300003051758,92.4243774414063,,,,,,87.0954132080078,,,,94.4194412231445,,94.1600036621094,,,,,95.1649017333984,,,95.5500030517578
1787,Nauru,"Literacy rate, youth total (% of people ages 15-24)",,,,,,,,,,,,,,,,,,,,,,,,,,,,,,,,,,,,,,,,,,,,,,,,,,,
1800,Nepal,"Literacy rate, youth total (% of people ages 15-24)",,,,,,,,,,,30.0384502410889,,,,,,,,,,49.6037216186523,,,,,,,,,,70.0536193847656,,,,,81.9199981689453,,,,,84.7571487426758,,,,,,,92.3938064575195,94.9800033569336,,94.1800003051758
1813,Netherlands,"Literacy rate, youth total (% of people ages 15-24)",,,,,,,,,,,,,,,,,,,,,,,,,,,,,,,,,,,,,,,,,,,,,,,,,,,
1826,New Caledonia,"Literacy rate, youth total (% of people ages 15-24)",,,,,,97.4641571044922,,,,,,,,,,,,,98.7569808959961,,,,,,,99.0928802490234,,,,,,,,,,99.1999969482422,,,,,,,,99.1999969482422,,,,,,,
1839,New Zealand,"Literacy rate, youth total (% of people ages 15-24)",,,,,,,,,,,,,,,,,,,,,,,,,,,,,,,,,,,,,,,,,,,,,,,,,,,
1852,Nicaragua,"Literacy rate, youth total (% of people ages 15-24)",,,,,,,,,,,,,,,,,,,,,,,,,,,,,,,86.2225189208984,,,,87.0092468261719,,,,,,,,,,91.57177734375,,,,,,
1865,Niger,"Literacy rate, youth total (% of people ages 15-24)",,,,,,,,,,,,,,,,,,,,,,,,,,,,,,,19.7911891937256,,,,36.5467796325684,21.3899993896484,,,,,,39.7877311706543,,,,,,43.4599990844727,,,47.1599998474121
1878,Nigeria,"Literacy rate, youth total (% of people ages 15-24)",,,,,,,,,,,,,,,,,,,,,71.1890563964844,,,,,,,,,,,,68.993782043457,,,78.6944274902344,,66.3835372924805,,,,,79.1600036621094,,,,,75.0287475585938,,,
1891,North Macedonia,"Literacy rate, youth total (% of people ages 15-24)",,,,,,,,,,,,,,,,,,,,,,,,98.8611679077148,,,,,,,,98.7426986694336,,,,,,,,,,98.5999984741211,,98.5999984741211,,,,,,,
1904,Northern Mariana Islands,"Literacy rate, youth total (% of people ages 15-24)",,,,,,,,,,,,,,,,,,,,,,,,,,,,,,,,,,,,,,,,,,,,,,,,,,,
1917,Norway,"Literacy rate, youth total (% of people ages 15-24)",,,,,,,,,,,,,,,,,,,,,,,,,,,,,,,,,,,,,,,,,,,,,,,,,,,
1930,Oman,"Literacy rate, youth total (% of people ages 15-24)",,,,,,,,,,,,,,,,,,,,,,,,,,,,,,,,,97.2813262939453,,,,,97.6298217773438,,97.7437286376953,,,,99.0943222045898,99.1537322998047,98.7035598754883,98.6624374389648,98.6178283691406,,,
1943,Pakistan,"Literacy rate, youth total (% of people ages 15-24)",,,,,,,,,,,34.7833518981934,,,,,,,,,,,,,,,,,55.3305206298828,,,,,,,65.0865783691406,69.1658020019531,66.2847137451172,71.112907409668,70.67626953125,71.2596206665039,70.7693328857422,72.5834197998047,71.6362228393555,72.7954025268555,,,74.5263824462891,71.9948425292969,72.7035598754883,,
1956,Palau,"Literacy rate, youth total (% of people ages 15-24)",,,,,,,,,,94.2757797241211,,,,,,,,,,,,,,,,,,,,,,,,,,,,,,,,,99.83837890625,,98.664436340332,,,,,,
1969,Panama,"Literacy rate, youth total (% of people ages 15-24)",,,,,,,,,,96.106201171875,,,,,,,,,,95.0867767333984,,,,,,,,,,96.0798492431641,,,,,,,,,,97.6385269165039,,,,,,,,99.0990905761719,98.8817367553711,,
1982,Papua New Guinea,"Literacy rate, youth total (% of people ages 15-24)",,,,,,,,,,,,,,,,,,,,,,,,,,,,,,66.6789932250977,,,,,,,,,,67.9000015258789,,,,,,,,,,,
1995,Paraguay,"Literacy rate, youth total (% of people ages 15-24)",,,,,,,,,,,,89.5878601074219,,,,,,,,,,95.6073379516602,,,,,,,,,,,,,,,98.7944564819336,97.964241027832,98.4972915649414,98.6104507446289,,98.1779174804688,98.8991317749023,98.7137985229492,98.6536026000977,98.4505996704102,,98.2815170288086,98.3552322387695,98.6447067260742,
2008,Peru,"Literacy rate, youth total (% of people ages 15-24)",,,,,,,,,,,93.1197967529297,,,,,,,,,,,,95.3666305541992,,,,,,,,,,,96.7556304931641,97.1237564086914,97.7571334838867,97.3562164306641,,,,,98.6981582641602,,98.9775314331055,99.0095367431641,98.8834915161133,99.0574798583984,99.0237579345703,,99.4363632202148,
2021,Philippines,"Literacy rate, youth total (% of people ages 15-24)",,,,,,,,,,91.7889862060547,,,,,,,,,,96.5780792236328,,,,96.0367736816406,,,,,,95.0897521972656,,,95.0572128295898,,,,,97.7508010864258,,,,,98.1083526611328,,99.0826034545898,,,,98.3845062255859,,
2034,Poland,"Literacy rate, youth total (% of people ages 15-24)",,,,,,,,99.7968292236328,,,,,,,,,,99.7968292236328,,,,,,,,,,99.7968292236328,,,,,,,,,,99.7968292236328,,,,,,,,,,,,,99.9000015258789
2047,Portugal,"Literacy rate, youth total (% of people ages 15-24)",,,,,,,,,,,97.9413528442383,,,,,,,,,,99.1994934082031,,,,,,,,,,,,,,,,,,,,99.4351196289063,,,,,,,99.6639175415039,,,99.7099990844727
2060,Puerto Rico,"Literacy rate, youth total (% of people ages 15-24)",,,,,,,,,,93.7458572387695,,,,,,,,,,93.166877746582,,,,,,,,,,,,,,,,,,,,98.8341827392578,,,,,,,92.3898315429688,,,,92.4000015258789
2073,Qatar,"Literacy rate, youth total (% of people ages 15-24)",,,,,,,,,,,,,,,,89.5429306030273,,,,,,,,,,,94.7907485961914,,,,,,,94.7797698974609,,,95.9142913818359,93.5299835205078,94.803352355957,92.4288177490234,94.6094131469727,93.9443588256836,91.7935791015625,93.6445236206055,,95.4636535644531,94.6441116333008,,,,
2086,Romania,"Literacy rate, youth total (% of people ages 15-24)",,,,,,,,,,,,,,,,,,,,,,99.1074600219727,,,,,,,,,,97.7614898681641,,,,,,,,,98.9956893920898,,,,,,,99.4291915893555,,,99.5
2099,Russian Federation,"Literacy rate, youth total (% of people ages 15-24)",,,,,,,,,,,,,,,,,,,99.719596862793,,,,,,,,,,,,,99.7246017456055,,,,,,,,99.709602355957,,,,,,,,99.6984481811523,,99.6999969482422,
2112,Rwanda,"Literacy rate, youth total (% of people ages 15-24)",,,,,,,,52.2619285583496,,,,,,,,,,,,,74.8965377807617,,,,,,,,,77.6203308105469,,,,,70.4599990844727,,,,,77.3446273803711,,82.3307495117188,,85.0662384033203,85.0100021362305,,,86.4927673339844,,,86.9000015258789
2125,Samoa,"Literacy rate, youth total (% of people ages 15-24)",,,,,,,,,,,,,,,,,,,,,99.0444412231445,,,,,,,,,,,,,,,,,,,,99.2356567382813,,,,,,,99.1234817504883,,,99.0999984741211
2138,San Marino,"Literacy rate, youth total (% of people ages 15-24)",,,,,,,,,,,,,,,,,,,,,,,,,,,,,,,,,,,,,,,,,,,,,,,,,,,
2151,Sao Tome and Principe,"Literacy rate, youth total (% of people ages 15-24)",,,,,,,,,,,82.3992233276367,,,,,,,,,,93.8499603271484,,,,,,,,,,95.4154586791992,,,,,,,80.2031631469727,,,,96.7384033203125,,,,,,97.7825469970703,67.5899963378906,,98.0999984741211
2164,Saudi Arabia,"Literacy rate, youth total (% of people ages 15-24)",,,,,,,,,,,,,,,,,,,,,,87.8556137084961,,,,,,,,95.9131622314453,,,,95.8496932983398,,,,,,,,,99.2217712402344,,,,99.3018798828125,,,99.4984130859375,
2177,Senegal,"Literacy rate, youth total (% of people ages 15-24)",,,,,,,,,,,,,,,,,,37.8661003112793,,,,,,,,,,,,,,49.1244888305664,,,46.1300010681152,50.8516616821289,,,63.3523902893066,,65.7805099487305,,56.9430084228516,57.2900009155273,61.6699981689453,,69.4784088134766,,,,76.4000015258789
2190,Serbia,"Literacy rate, youth total (% of people ages 15-24)",,,,,,,,,,,,,,,,,,,,,,,,,,,,,,,,,99.3567962646484,,,,,,,,99.3086929321289,,,,,99.7198181152344,,,99.9994430541992,,
2203,Seychelles,"Literacy rate, youth total (% of people ages 15-24)",,,,,,,,,,,,,,,,,97.6499862670898,,,,,,,98.8133087158203,,,,,,,,99.0647735595703,,,,,,,,98.9713363647461,,,,,,,,99.0699996948242,,99.0999984741211,
2216,Sierra Leone,"Literacy rate, youth total (% of people ages 15-24)",,,,,,,,,,,,,,,,,,,,,,,,,,,,,,,,,,47.9276084899902,,,,58.4199981689453,,,,,57.0221290588379,,,,,66.6485977172852,,,71.9000015258789
2229,Singapore,"Literacy rate, youth total (% of people ages 15-24)",,,,,,,,,,96.2881164550781,,,,,,,,,,98.9666976928711,,,,,,,,,,99.5046005249023,,,,,,,,,,99.751823425293,99.8871994018555,99.8949432373047,99.8986129760742,99.9004669189453,99.7848968505859,99.9265823364258,99.9304428100586,99.9296264648438,99.9280471801758,99.7262496948242,
2242,Sint Maarten (Dutch part),"Literacy rate, youth total (% of people ages 15-24)",,,,,,,,,,,,,,,,,,,,,,,,,,,,,,,,,,,,,,,,,,,,,,,,,,,
2255,Slovak Republic,"Literacy rate, youth total (% of people ages 15-24)",,,,,,,,,,,,,,,,,,,,,,,,,,,,,,,,,,,,,,,,,,,,,,,,,,,
2268,Slovenia,"Literacy rate, youth total (% of people ages 15-24)",,,,,,,,,,,,,,,,,,,,,99.7577362060547,,,,,,,,,,99.8000030517578,,,99.8000030517578,,,,,,,,,,99.8000030517578,,,,,,,
2281,Solomon Islands,"Literacy rate, youth total (% of people ages 15-24)",,,,,,,,,,,,,,,,,,,,,,,,,,,,,,,,,,,,,,,,,,,,,,,,,,,
2294,Somalia,"Literacy rate, youth total (% of people ages 15-24)",,13.1400003433228,,,,,,,,,,,,,,,,,,,,,,,,,,,,,,,,,,,,,,,,,,,,75.6900024414063,,,,,
2307,South Africa,"Literacy rate, youth total (% of people ages 15-24)",,,,,,,,,,85.1658477783203,,,,,,,,,,,,,,,,93.9051513671875,,,,,,,,,,,97.5707778930664,,98.3650894165039,98.6441268920898,98.7896575927734,98.8820419311523,,98.8822784423828,98.9557800292969,,95.3238220214844,,98.4095306396484,,
2320,South Sudan,"Literacy rate, youth total (% of people ages 15-24)",,,,,,,,,,,,,,,,,,,,,,,,,,,,,,,,,,,,,,36.702278137207,,,,,,,,,,47.9009590148926,,,
2333,Spain,"Literacy rate, youth total (% of people ages 15-24)",,,,,,,,,,,98.6419525146484,,,,,,,,,,99.554557800293,,,,,,,,,,,,,99.5581970214844,99.5377883911133,99.5953063964844,99.5693435668945,99.5643081665039,99.5989990234375,99.5946273803711,99.6994018554688,99.6727828979492,99.6692581176758,99.7227630615234,99.6556777954102,99.6221618652344,,99.7155532836914,,99.6214218139648,
2346,Sri Lanka,"Literacy rate, youth total (% of people ages 15-24)",,,,,,,,,,,91.043342590332,,,,,,,,,,,,,,,,,,,,95.5886306762695,,,,,97.4840621948242,,97.9817962646484,,98.1579284667969,,,,,,98.6889877319336,98.8564605712891,98.7819366455078,98.9679565429688,98.8592300415039,
2359,St. Kitts and Nevis,"Literacy rate, youth total (% of people ages 15-24)",,,,,,,,,,,,,,,,,,,,,,,,,,,,,,,,,,,,,,,,,,,,,,,,,,,
2372,St. Lucia,"Literacy rate, youth total (% of people ages 15-24)",,,,,,,,,,,,,,,,,,,,,,,,,,,,,,,,,,,,,,,,,,99.9800033569336,,,,,,,,,
2385,St. Martin (French part),"Literacy rate, youth total (% of people ages 15-24)",,,,,,,,,,,,,,,,,,,,,,,,,,,,,,,,,,,,,,,,,,,,,,,,,,,
2398,St. Vincent and the Grenadines,"Literacy rate, youth total (% of people ages 15-24)",,,,,,,,,,98.6999969482422,,,,,,,,,,,,,,,,,,,,,,,,,,,,,,,,,,,,,,,,,
2411,Sudan,"Literacy rate, youth total (% of people ages 15-24)",,,,,,,,,,,,,,,,,,,,,,,,,,,,,,78.1555862426758,,,,,,,,65.8053512573242,,,,,,,,,,73.0,,,
2424,Suriname,"Literacy rate, youth total (% of people ages 15-24)",,,,,,,,,,,,,,,,,,,,,,,,,,,,,,,,,,94.8811416625977,,,,99.4164199829102,,98.3766403198242,,97.6679000854492,,,,,,98.6455612182617,,,98.9000015258789
2437,Sweden,"Literacy rate, youth total (% of people ages 15-24)",,,,,,,,,,,,,,,,,,,,,,,,,,,,,,,,,,,,,,,,,,,,,,,,,,,
2450,Switzerland,"Literacy rate, youth total (% of people ages 15-24)",,,,,,,,,,,,,,,,,,,,,,,,,,,,,,,,,,,,,,,,,,,,,,,,,,,
2463,Syrian Arab Republic,"Literacy rate, youth total (% of people ages 15-24)",,,,,,,,,,,74.2763977050781,,,,,,,,,,,,,,,,,,,,,95.1888275146484,,92.4538116455078,,,,,,,,,,96.0999984741211,,,,,,,
2476,Tajikistan,"Literacy rate, youth total (% of people ages 15-24)",,,,,,,,,,,,,,,,,,,99.7035827636719,,,,,,,,,,,99.8470611572266,,,,,,,,,,99.9000015258789,,,,99.9000015258789,,,,,,,
2489,Tanzania,"Literacy rate, youth total (% of people ages 15-24)",,,,,,,,,,,,,,,,,,81.753303527832,,,,,,,,,,,,,,78.3960494995117,,,,,,,,74.5605163574219,,85.9400024414063,,,85.7551422119141,,,,,,88.0999984741211
2502,Thailand,"Literacy rate, youth total (% of people ages 15-24)",,,,,,,,,,96.8673477172852,,,,,,,,,,,,,,,,,,,,97.9753875732422,,,,,98.0509033203125,,,,,96.5975723266602,,,98.3138809204102,,98.1466293334961,,,98.1371688842773,,,98.8000030517578
2515,Timor-Leste,"Literacy rate, youth total (% of people ages 15-24)",,,,,,,,,,,,,,,,,,,,,,,,,,,,,,,,,,,,,,,85.6399993896484,79.528678894043,,,,,,,,83.5390319824219,,85.0999984741211,
2528,Togo,"Literacy rate, youth total (% of people ages 15-24)",,,,,,,,,,,,,,,,,,,,,,,,,,,,,,74.439567565918,,,,,,76.4529418945313,,,81.7359924316406,,79.8859100341797,,,79.6600036621094,84.2901077270508,,,,87.8914413452148,,
2541,Tonga,"Literacy rate, youth total (% of people ages 15-24)",,,,,,99.8192672729492,,,,,,,,,,,,,,,,,,,,99.3087387084961,,,,,,,,,,99.4247589111328,,,,,99.4370269775391,,,,,,,99.4411163330078,,,99.4000015258789
2554,Trinidad and Tobago,"Literacy rate, youth total (% of people ages 15-24)",,,,,,,,,,99.2193984985352,,,,,,,,,,99.3000030517578,,,,,,,,,,99.4000015258789,,,,,,,,,,99.5999984741211,,,,,,,,,,,
2567,Tunisia,"Literacy rate, youth total (% of people ages 15-24)",,,,,,,,,,,,,,74.2841186523438,,,,,,,,,,,,,,,,,,,,94.338981628418,,,96.299690246582,96.8184967041016,,97.1717224121094,97.304443359375,96.8649978637695,,96.209098815918,,,,,,,97.6999969482422
2580,Turkiye,"Literacy rate, youth total (% of people ages 15-24)",,,,,80.0549163818359,,,,,84.6910781860352,,,,,90.9014205932617,,,,,92.5436630249023,,,,,,,,,,,,,,95.6035003662109,96.1185531616211,96.1815032958984,96.3623504638672,,97.8074722290039,98.2245864868164,98.7093505859375,99.0160217285156,99.2274322509766,99.3584823608398,99.4943923950195,99.6213607788086,99.7508697509766,,99.9071502685547,,
2593,Turkmenistan,"Literacy rate, youth total (% of people ages 15-24)",,,,,,,,,,,,,,,,,,,,,,,,,99.810417175293,,,,,,,,,,99.8000030517578,,,,,,,,,99.8000030517578,,,,,,,
2606,Turks and Caicos Islands,"Literacy rate, youth total (% of people ages 15-24)",,,,,,,,,,,,,,,,,,,,,,,,,,,,,,,,,,,,,,,,,,,,,,,,,,,
2619,Tuvalu,"Literacy rate, youth total (% of people ages 15-24)",,,,,,,,,,,,,,,,,,,,,,,,,,,,,,,,,,,,,,,,,,,,,,,,,,,
2632,Uganda,"Literacy rate, youth total (% of people ages 15-24)",,,,,,,,,,,,,,,,,,,,,69.8007888793945,,,,,,,,,,,80.7911605834961,,,,84.0656509399414,,,,87.4088287353516,,83.6588821411133,,,,,,89.3963088989258,,,90.8000030517578
2645,Ukraine,"Literacy rate, youth total (% of people ages 15-24)",,,,,,,,,,,,,,,,,,,,,,,,,,,,,,,99.8048629760742,,,,,,,,,,,99.9697570800781,,,,,,,,,99.9000015258789
2658,United Arab Emirates,"Literacy rate, youth total (% of people ages 15-24)",,,,,63.0476112365723,,,,,,,,,,82.4726409912109,,,,,,,,,,,,,,,,,,,,95.0064468383789,,,,,,,,,,,,,,96.3115768432617,,99.6626663208008
2671,United Kingdom,"Literacy rate, youth total (% of people ages 15-24)",,,,,,,,,,,,,,,,,,,,,,,,,,,,,,,,,,,,,,,,,,,,,,,,,,,
2684,United States,"Literacy rate, youth total (% of people ages 15-24)",,,,,,,,,,,,,,,,,,,,,,,,,,,,,,,,,,,,,,,,,,,,,,,,,,,
2697,Uruguay,"Literacy rate, youth total (% of people ages 15-24)",,,,,98.2962265014648,,,,,,,,,,98.6286087036133,,,,,,,,,,,98.5802383422852,,,,,,,,,,98.712516784668,98.7591400146484,98.9681396484375,98.8614807128906,98.7841873168945,98.8622207641602,98.9552536010742,98.9297637939453,98.8388900756836,98.9275970458984,99.152473449707,98.9326019287109,98.8802719116211,99.0206527709961,,
2710,Uzbekistan,"Literacy rate, youth total (% of people ages 15-24)",,,,,,,,,,,,,,,,,,,,,,,,,,,,,,99.8743515014648,,,,,,,,,,,,,99.9999313354492,99.9999618530273,99.9999618530273,99.9999313354492,,99.9999389648438,99.9999237060547,,
2723,Vanuatu,"Literacy rate, youth total (% of people ages 15-24)",,,,,,,,,71.8295974731445,,,,,77.1999969482422,,,,,,,,,,86.0999984741211,,,,,,,,,,91.8000030517578,,,,,,,,,,95.3000030517578,,,,96.2821197509766,,,96.9000015258789
2736,"Venezuela, RB","Literacy rate, youth total (% of people ages 15-24)",,,,,,,,,,,93.1117630004883,,,,,,,,,95.4390335083008,,,,,,,,,,,97.1993408203125,,,,,,98.3987808227539,,98.5333023071289,,97.5591583251953,,,,99.0076293945313,98.7595062255859,,,,,98.6999969482422
2749,Vietnam,"Literacy rate, youth total (% of people ages 15-24)",,,,,,,,,95.0251235961914,,,,,,,,,,93.734260559082,,,,,,,,,,94.5296401977539,94.8365097045898,,,,,,,,,97.091667175293,,,,,,,,,,98.6254577636719,,
2762,Virgin Islands (U.S.),"Literacy rate, youth total (% of people ages 15-24)",,,,,,,,,,,,,,,,,,,,,,,,,,,,,,,,,,,,,,,,,,,,,,,,,,,
2775,West Bank and Gaza,"Literacy rate, youth total (% of people ages 15-24)",,,,,,,,,,,,,,,,,,,,,,,,,,,97.0465698242188,,,,,,,98.952278137207,,99.0922927856445,99.0675888061523,99.1578521728516,99.2302093505859,99.2198333740234,99.3082962036133,99.2867202758789,99.348258972168,99.3655319213867,99.3415374755859,99.3774871826172,99.311767578125,99.3362503051758,99.3343963623047,99.2323532104492,
2788,"Yemen, Rep.","Literacy rate, youth total (% of people ages 15-24)",,,,,,,,,,,,,,,,,,,,,,,,60.2221412658691,,,,,,,,,,77.0,,,,,,,,,,,,,,,,,
2801,Zambia,"Literacy rate, youth total (% of people ages 15-24)",,,,,,,,,,,,,,,,,,,,66.3811569213867,,,,,,,,,69.4572219848633,,,69.0888137817383,,,,,64.0496368408203,,,88.7145614624023,,,,,,,,92.0915679931641,,93.1999969482422,
2814,Zimbabwe,"Literacy rate, youth total (% of people ages 15-24)",,,,,,,,,,,,89.0218505859375,,,,,,,,,,95.4113616943359,,,,,,,,,,,,,,,,,,,90.9307022094727,,,90.4281234741211,,,,,,,90.6999969482422
